-- Insert new user Elaina
INSERT INTO `users` (`id`, `username`, `password`, `email`, `created_at`, `updated_at`) VALUES
(11, 'Elaina', '$2y$10$v6OW1gW6/gnqjsC7v9Uz3.wkq/ttgQxjzDrcwiyWqjgQk0mjgsxre', 'Elaina@utar.my', current_timestamp(), '2025-04-13 16:45:08');

-- Insert recipes for competition entries
INSERT INTO `recipes` (`id`, `user_id`, `name`, `cuisine`, `image`, `created_at`, `updated_at`) VALUES
(18, 1, 'Creamy Alfredo Pasta', 'Italian', 'uploads/alfredo_pasta.jpg', '2025-01-01 10:00:00', NULL),
(19, 1, 'Beef Stew', 'American', 'uploads/beef_stew.jpg', '2025-02-01 10:00:00', NULL),
(20, 2, 'Vegan Buddha Bowl', 'Fusion', 'uploads/buddha_bowl.jpg', '2025-03-01 10:00:00', NULL),
(21, 2, 'Quinoa Salad', 'Healthy', 'uploads/quinoa_salad.jpg', '2025-04-01 10:00:00', NULL),
(22, 3, 'Sushi Rolls', 'Japanese', 'uploads/sushi_rolls.jpg', '2025-05-01 10:00:00', NULL),
(23, 3, 'Chocolate Lava Cake', 'Dessert', 'uploads/lava_cake.jpg', '2025-06-01 10:00:00', NULL),
(24, 5, 'BBQ Ribs', 'American', 'uploads/bbq_ribs.jpg', '2025-07-01 10:00:00', NULL),
(25, 5, 'Mac and Cheese', 'Comfort', 'uploads/mac_cheese.jpg', '2025-08-01 10:00:00', NULL),
(26, 6, 'Pancakes', 'Breakfast', 'uploads/pancakes.jpg', '2025-09-01 10:00:00', NULL),
(27, 6, 'Grilled Salmon', 'Healthy', 'uploads/grilled_salmon.jpg', '2025-10-01 10:00:00', NULL),
(28, 7, 'Roast Turkey', 'Festive', 'uploads/roast_turkey.jpg', '2025-11-01 10:00:00', NULL),
(29, 7, 'Chicken Wraps', 'Quick', 'uploads/chicken_wraps.jpg', '2025-12-01 10:00:00', NULL),
(30, 8, 'Garlic Butter Shrimp', 'Seafood', 'uploads/garlic_shrimp.jpg', '2025-01-01 10:00:00', NULL),
(31, 8, 'Pad Thai', 'Thai', 'uploads/pad_thai.jpg', '2025-02-01 10:00:00', NULL),
(32, 10, 'Chocolate Chip Cookies', 'Baking', 'uploads/cookies.jpg', '2025-03-01 10:00:00', NULL),
(33, 10, 'Spicy Curry', 'Indian', 'uploads/spicy_curry.jpg', '2025-04-01 10:00:00', NULL);

-- Insert competitions for user ID 11
INSERT INTO `competitions` (`id`, `user_id`, `title`, `description`, `start_date`, `end_date`, `created_at`, `updated_at`) VALUES
(3, 11, 'Spring Baking Challenge', 'A competition to showcase your best spring-themed baked goods.', '2025-03-01', '2025-03-15', '2025-02-15 10:00:00', '2025-02-15 10:00:00'), -- Past competition
(4, 11, 'Summer BBQ Contest', 'Show off your grilling skills in this summer BBQ competition.', '2025-04-10', '2025-04-20', '2025-04-01 10:00:00', '2025-04-01 10:00:00'), -- Current competition
(5, 11, 'Holiday Dessert Showdown', 'Create the most festive and delicious holiday desserts.', '2025-12-01', '2025-12-15', '2025-11-01 10:00:00', '2025-11-01 10:00:00'); -- Future competition

-- Insert competitions for other users (2 competitions each)
INSERT INTO `competitions` (`id`, `user_id`, `title`, `description`, `start_date`, `end_date`, `created_at`, `updated_at`) VALUES
(6, 1, 'Winter Warmers', 'Create hearty dishes to warm you up in winter.', '2025-02-01', '2025-02-15', '2025-01-15 10:00:00', '2025-01-15 10:00:00'),
(7, 2, 'Vegan Delights', 'A competition for the best vegan recipes.', '2025-03-01', '2025-03-15', '2025-02-15 10:00:00', '2025-02-15 10:00:00'),
(8, 2, 'Spring Salads', 'Fresh and vibrant salads for spring.', '2025-04-01', '2025-04-15', '2025-03-15 10:00:00', '2025-03-15 10:00:00'),
(9, 3, 'Asian Fusion', 'Combine Asian flavors with other cuisines.', '2025-05-01', '2025-05-15', '2025-04-15 10:00:00', '2025-04-15 10:00:00'),
(10, 3, 'Dessert Heaven', 'Create the most indulgent desserts.', '2025-06-01', '2025-06-15', '2025-05-15 10:00:00', '2025-05-15 10:00:00'),
(11, 5, 'Grill Masters', 'Show off your grilling skills.', '2025-07-01', '2025-07-15', '2025-06-15 10:00:00', '2025-06-15 10:00:00'),
(12, 5, 'Comfort Food', 'Create dishes that feel like a warm hug.', '2025-08-01', '2025-08-15', '2025-07-15 10:00:00', '2025-07-15 10:00:00'),
(13, 6, 'Breakfast Bonanza', 'Delicious breakfast recipes.', '2025-09-01', '2025-09-15', '2025-08-15 10:00:00', '2025-08-15 10:00:00'),
(14, 6, 'Healthy Eats', 'Create nutritious and tasty meals.', '2025-10-01', '2025-10-15', '2025-09-15 10:00:00', '2025-09-15 10:00:00'),
(15, 7, 'Festive Feasts', 'Celebrate the holidays with festive dishes.', '2025-11-01', '2025-11-15', '2025-10-15 10:00:00', '2025-10-15 10:00:00'),
(16, 7, 'Quick Bites', 'Create quick and easy meals.', '2025-12-01', '2025-12-15', '2025-11-15 10:00:00', '2025-11-15 10:00:00'),
(17, 8, 'Seafood Special', 'Showcase your best seafood recipes.', '2025-01-01', '2025-01-15', '2024-12-15 10:00:00', '2024-12-15 10:00:00'),
(18, 8, 'Global Cuisine', 'Explore flavors from around the world.', '2025-02-01', '2025-02-15', '2025-01-15 10:00:00', '2025-01-15 10:00:00'),
(19, 10, 'Baking Bliss', 'Create the most delicious baked goods.', '2025-03-01', '2025-03-15', '2025-02-15 10:00:00', '2025-02-15 10:00:00'),
(20, 10, 'Spicy Challenge', 'Bring the heat with your spiciest dishes.', '2025-04-01', '2025-04-15', '2025-03-15 10:00:00', '2025-03-15 10:00:00'),
(21, 1, 'Pasta Perfection', 'Showcase your best pasta dishes.', '2025-01-01', '2025-01-15', '2024-12-15 10:00:00', '2024-12-15 10:00:00'),
(22, 1, 'Italian Feast', 'Showcase your best Italian dishes.', '2025-10-01', '2025-10-15', '2025-09-25 10:00:00', '2025-09-25 10:00:00'),
(23, 2, 'Healthy Creations', 'Create nutritious and delicious meals.', '2025-10-01', '2025-10-15', '2025-09-25 10:00:00', '2025-09-25 10:00:00'),
(24, 3, 'Dessert Extravaganza', 'Indulge in the sweetest desserts.', '2025-10-01', '2025-10-15', '2025-09-25 10:00:00', '2025-09-25 10:00:00'),
(25, 5, 'BBQ Bonanza', 'Show off your grilling expertise.', '2025-10-01', '2025-10-15', '2025-09-25 10:00:00', '2025-09-25 10:00:00'),
(26, 6, 'Breakfast Delights', 'Create the most delicious breakfast dishes.', '2025-10-01', '2025-10-15', '2025-09-25 10:00:00', '2025-09-25 10:00:00'),
(27, 7, 'Festive Favorites', 'Celebrate with your favorite festive dishes.', '2025-10-01', '2025-10-15', '2025-09-25 10:00:00', '2025-09-25 10:00:00'),
(28, 8, 'Seafood Spectacular', 'Showcase your best seafood recipes.', '2025-10-01', '2025-10-15', '2025-09-25 10:00:00', '2025-09-25 10:00:00'),
(29, 10, 'Spicy Fiesta', 'Bring the heat with your spiciest dishes.', '2025-10-01', '2025-10-15', '2025-09-25 10:00:00', '2025-09-25 10:00:00');

-- Insert competition entries for users 1-10
INSERT INTO `competition_entries` (`id`, `competition_id`, `user_id`, `recipe_id`, `title`, `description`, `submission`, `created_at`, `updated_at`) VALUES
(8, 3, 11, 4, 'Red Bean Mochi', 'A soft and chewy mochi filled with sweet red bean paste.', 'Recipe for Red Bean Mochi.', '2025-03-05 10:00:00', '2025-03-05 10:00:00'),
(9, 4, 11, 11, 'Grilled Tandori Chicken', 'A smoky and flavorful grilled chicken dish.', 'Recipe for Grilled Tandori Chicken.', '2025-04-12 10:00:00', '2025-04-12 10:00:00'),
(10, 5, 11, 14, 'Festive Mango Sticky Rice', 'A festive twist on the classic mango sticky rice.', 'Recipe for Festive Mango Sticky Rice.', '2025-12-05 10:00:00', '2025-12-05 10:00:00'),
(11, 6, 1, 18, 'Creamy Alfredo Pasta', 'A rich and creamy Alfredo pasta.', 'Recipe for Creamy Alfredo Pasta.', '2025-01-05 10:00:00', '2025-01-05 10:00:00'),
(12, 7, 1, 19, 'Beef Stew', 'A hearty and flavorful beef stew.', 'Recipe for Beef Stew.', '2025-02-05 10:00:00', '2025-02-05 10:00:00'),
(13, 8, 2, 20, 'Vegan Buddha Bowl', 'A colorful and nutritious Buddha bowl.', 'Recipe for Vegan Buddha Bowl.', '2025-03-05 10:00:00', '2025-03-05 10:00:00'),
(14, 9, 2, 21, 'Quinoa Salad', 'A fresh and healthy quinoa salad.', 'Recipe for Quinoa Salad.', '2025-04-05 10:00:00', '2025-04-05 10:00:00'),
(15, 10, 3, 22, 'Sushi Rolls', 'Delicious homemade sushi rolls.', 'Recipe for Sushi Rolls.', '2025-05-05 10:00:00', '2025-05-05 10:00:00'),
(16, 11, 3, 23, 'Chocolate Lava Cake', 'A decadent chocolate lava cake.', 'Recipe for Chocolate Lava Cake.', '2025-06-05 10:00:00', '2025-06-05 10:00:00'),
(17, 12, 5, 24, 'BBQ Ribs', 'Tender and flavorful BBQ ribs.', 'Recipe for BBQ Ribs.', '2025-07-05 10:00:00', '2025-07-05 10:00:00'),
(18, 13, 5, 25, 'Mac and Cheese', 'A creamy and cheesy mac and cheese.', 'Recipe for Mac and Cheese.', '2025-08-05 10:00:00', '2025-08-05 10:00:00'),
(19, 14, 6, 26, 'Pancakes', 'Fluffy and delicious pancakes.', 'Recipe for Pancakes.', '2025-09-05 10:00:00', '2025-09-05 10:00:00'),
(20, 15, 6, 27, 'Grilled Salmon', 'A healthy and tasty grilled salmon.', 'Recipe for Grilled Salmon.', '2025-10-05 10:00:00', '2025-10-05 10:00:00'),
(21, 16, 7, 28, 'Roast Turkey', 'A perfectly roasted turkey.', 'Recipe for Roast Turkey.', '2025-11-05 10:00:00', '2025-11-05 10:00:00'),
(22, 17, 7, 29, 'Chicken Wraps', 'Quick and easy chicken wraps.', 'Recipe for Chicken Wraps.', '2025-12-05 10:00:00', '2025-12-05 10:00:00'),
(23, 18, 8, 30, 'Garlic Butter Shrimp', 'Juicy shrimp in garlic butter sauce.', 'Recipe for Garlic Butter Shrimp.', '2025-01-05 10:00:00', '2025-01-05 10:00:00'),
(24, 19, 8, 31, 'Pad Thai', 'A classic Thai noodle dish.', 'Recipe for Pad Thai.', '2025-02-05 10:00:00', '2025-02-05 10:00:00'),
(25, 20, 10, 32, 'Chocolate Chip Cookies', 'Soft and chewy chocolate chip cookies.', 'Recipe for Chocolate Chip Cookies.', '2025-03-05 10:00:00', '2025-03-05 10:00:00'),
(26, 21, 10, 33, 'Spicy Curry', 'A fiery and flavorful curry.', 'Recipe for Spicy Curry.', '2025-04-05 10:00:00', '2025-04-05 10:00:00'),
(27, 22, 1, 18, 'Creamy Alfredo Pasta', 'A rich and creamy Alfredo pasta.', 'Recipe for Creamy Alfredo Pasta.', '2025-10-02 10:00:00', '2025-10-02 10:00:00'),
(28, 23, 2, 20, 'Vegan Buddha Bowl', 'A colorful and nutritious Buddha bowl.', 'Recipe for Vegan Buddha Bowl.', '2025-10-02 10:00:00', '2025-10-02 10:00:00'),
(29, 24, 3, 23, 'Chocolate Lava Cake', 'A decadent chocolate lava cake.', 'Recipe for Chocolate Lava Cake.', '2025-10-02 10:00:00', '2025-10-02 10:00:00'),
(30, 25, 5, 24, 'BBQ Ribs', 'Tender and flavorful BBQ ribs.', 'Recipe for BBQ Ribs.', '2025-10-02 10:00:00', '2025-10-02 10:00:00'),
(31, 26, 6, 26, 'Pancakes', 'Fluffy and delicious pancakes.', 'Recipe for Pancakes.', '2025-10-02 10:00:00', '2025-10-02 10:00:00'),
(32, 27, 7, 28, 'Roast Turkey', 'A perfectly roasted turkey.', 'Recipe for Roast Turkey.', '2025-10-02 10:00:00', '2025-10-02 10:00:00'),
(33, 28, 8, 30, 'Garlic Butter Shrimp', 'Juicy shrimp in garlic butter sauce.', 'Recipe for Garlic Butter Shrimp.', '2025-10-02 10:00:00', '2025-10-02 10:00:00'),
(34, 29, 10, 33, 'Spicy Curry', 'A fiery and flavorful curry.', 'Recipe for Spicy Curry.', '2025-10-02 10:00:00', '2025-10-02 10:00:00');

-- Insert comments for each competition entry
INSERT INTO `competition_entries_comments` (`id`, `entry_id`, `user_id`, `content`, `created_at`) VALUES
(1, 8, 1, 'This looks delicious!', '2025-03-06 10:00:00'),
(2, 8, 2, 'I love this recipe!', '2025-03-06 11:00:00'),
(3, 9, 3, 'Great idea for a BBQ!', '2025-04-13 10:00:00'),
(4, 10, 4, 'Perfect for the holidays!', '2025-12-06 10:00:00'),
(5, 11, 5, 'This pasta looks amazing!', '2025-01-06 10:00:00'),
(6, 12, 6, 'Beef stew is my favorite!', '2025-02-06 10:00:00'),
(7, 13, 7, 'This Buddha bowl is so colorful!', '2025-03-06 10:00:00'),
(8, 14, 8, 'Quinoa salad is so healthy!', '2025-04-06 10:00:00'),
(9, 15, 9, 'Sushi rolls are the best!', '2025-05-06 10:00:00'),
(10, 16, 10, 'Chocolate lava cake is heavenly!', '2025-06-06 10:00:00'),
(11, 17, 1, 'BBQ ribs are perfect for summer!', '2025-07-06 10:00:00'),
(12, 18, 2, 'Mac and cheese is so comforting!', '2025-08-06 10:00:00'),
(13, 19, 3, 'Pancakes are my favorite breakfast!', '2025-09-06 10:00:00'),
(14, 20, 4, 'Grilled salmon is so healthy!', '2025-10-06 10:00:00'),
(15, 21, 5, 'Roast turkey is perfect for Thanksgiving!', '2025-11-06 10:00:00'),
(16, 22, 6, 'Chicken wraps are so convenient!', '2025-12-06 10:00:00'),
(17, 23, 7, 'Garlic butter shrimp is so flavorful!', '2025-01-06 10:00:00'),
(18, 24, 8, 'Pad Thai is a classic favorite!', '2025-02-06 10:00:00'),
(19, 25, 9, 'Chocolate chip cookies are the best!', '2025-03-06 10:00:00'),
(20, 26, 10, 'Spicy curry is so flavorful!', '2025-04-06 10:00:00'),
(21, 27, 2, 'This pasta looks amazing!', '2025-10-03 10:00:00'),
(22, 28, 3, 'This bowl is so vibrant!', '2025-10-03 10:00:00'),
(23, 29, 5, 'This dessert is heavenly!', '2025-10-03 10:00:00'),
(24, 30, 6, 'BBQ ribs are perfect for fall!', '2025-10-03 10:00:00'),
(25, 31, 7, 'Pancakes are my favorite breakfast!', '2025-10-03 10:00:00'),
(26, 32, 8, 'Roast turkey is perfect for the season!', '2025-10-03 10:00:00'),
(27, 33, 10, 'Garlic butter shrimp is so flavorful!', '2025-10-03 10:00:00'),
(28, 34, 1, 'Spicy curry is so bold!', '2025-10-03 10:00:00'),
(29, 8, 3, 'This dish looks absolutely delicious!', '2025-03-06 16:30:00'),
(30, 8, 4, 'I love how creative this recipe is!', '2025-03-06 16:45:00'),
(31, 8, 5, 'Such a unique and tasty idea!', '2025-03-06 17:00:00'),
(32, 9, 6, 'This BBQ idea is perfect for summer!', '2025-04-13 16:30:00'),
(33, 9, 7, 'I can almost smell the smoky flavor!', '2025-04-13 16:45:00'),
(34, 9, 8, 'This would be a hit at any BBQ party!', '2025-04-13 17:00:00'),
(35, 10, 9, 'This dessert looks so festive and fun!', '2025-12-06 16:30:00'),
(36, 10, 10, 'I would love to try this for the holidays!', '2025-12-06 16:45:00'),
(37, 10, 1, 'Such a creative holiday treat!', '2025-12-06 17:00:00'),
(38, 11, 2, 'This pasta looks so creamy and rich!', '2025-01-06 16:30:00'),
(39, 11, 3, 'I love Alfredo pasta, and this looks perfect!', '2025-01-06 16:45:00'),
(40, 11, 4, 'This would be great for a family dinner!', '2025-01-06 17:00:00'),
(41, 12, 5, 'This beef stew looks so hearty and comforting!', '2025-02-06 16:30:00'),
(42, 12, 6, 'Perfect for a cold winter evening!', '2025-02-06 16:45:00'),
(43, 12, 7, 'I can imagine how flavorful this must be!', '2025-02-06 17:00:00'),
(44, 13, 8, 'This Buddha bowl is so vibrant and healthy!', '2025-03-06 16:30:00'),
(45, 13, 9, 'I love the mix of colors and textures!', '2025-03-06 16:45:00'),
(46, 13, 10, 'This is such a nutritious and delicious idea!', '2025-03-06 17:00:00'),
(47, 14, 1, 'Quinoa salad is always a great choice!', '2025-04-06 16:30:00'),
(48, 14, 2, 'This looks so fresh and healthy!', '2025-04-06 16:45:00'),
(49, 14, 3, 'I love how versatile quinoa is!', '2025-04-06 17:00:00'),
(50, 15, 4, 'These sushi rolls look so professional!', '2025-05-06 16:30:00'),
(51, 15, 5, 'I would love to try making these at home!', '2025-05-06 16:45:00'),
(52, 15, 6, 'Such a fun and delicious idea!', '2025-05-06 17:00:00'),
(53, 16, 7, 'This chocolate lava cake looks heavenly!', '2025-06-06 16:30:00'),
(54, 16, 8, 'I can imagine how gooey and rich this is!', '2025-06-06 16:45:00'),
(55, 16, 9, 'This is the perfect dessert for chocolate lovers!', '2025-06-06 17:00:00'),
(56, 17, 10, 'These BBQ ribs look so tender and juicy!', '2025-07-06 16:30:00'),
(57, 17, 1, 'This is the ultimate summer BBQ dish!', '2025-07-06 16:45:00'),
(58, 17, 2, 'I can almost taste the smoky flavor!', '2025-07-06 17:00:00'),
(59, 18, 3, 'Mac and cheese is always a crowd-pleaser!', '2025-08-06 16:30:00'),
(60, 18, 4, 'This looks so creamy and cheesy!', '2025-08-06 16:45:00'),
(61, 18, 5, 'I would love to have this on a cozy evening!', '2025-08-06 17:00:00'),
(62, 19, 6, 'These pancakes look so fluffy and delicious!', '2025-09-06 16:30:00'),
(63, 19, 7, 'Perfect for a weekend breakfast!', '2025-09-06 16:45:00'),
(64, 19, 8, 'I love pancakes, and these look amazing!', '2025-09-06 17:00:00'),
(65, 20, 9, 'Grilled salmon is such a healthy option!', '2025-10-06 16:30:00'),
(66, 20, 10, 'This looks so perfectly cooked!', '2025-10-06 16:45:00'),
(67, 20, 1, 'I would love to try this for dinner!', '2025-10-06 17:00:00'),
(68, 21, 2, 'Roast turkey is perfect for the holidays!', '2025-11-06 16:30:00'),
(69, 21, 3, 'This looks so juicy and flavorful!', '2025-11-06 16:45:00'),
(70, 21, 4, 'I love how festive this dish is!', '2025-11-06 17:00:00'),
(71, 22, 5, 'Chicken wraps are such a convenient meal!', '2025-12-06 16:30:00'),
(72, 22, 6, 'This looks so easy and delicious!', '2025-12-06 16:45:00'),
(73, 22, 7, 'Perfect for a quick lunch or dinner!', '2025-12-06 17:00:00'),
(74, 23, 8, 'Garlic butter shrimp is always a hit!', '2025-01-06 16:30:00'),
(75, 23, 9, 'This looks so flavorful and juicy!', '2025-01-06 16:45:00'),
(76, 23, 10, 'I would love to try this seafood dish!', '2025-01-06 17:00:00'),
(77, 24, 1, 'Pad Thai is one of my favorite dishes!', '2025-02-06 16:30:00'),
(78, 24, 2, 'This looks so authentic and delicious!', '2025-02-06 16:45:00'),
(79, 24, 3, 'I love the balance of flavors in Pad Thai!', '2025-02-06 17:00:00'),
(80, 25, 4, 'Chocolate chip cookies are the best treat!', '2025-03-06 16:30:00'),
(81, 25, 5, 'These look so soft and chewy!', '2025-03-06 16:45:00'),
(82, 25, 6, 'Perfect for a sweet snack or dessert!', '2025-03-06 17:00:00'),
(83, 26, 7, 'Spicy curry is such a bold and flavorful dish!', '2025-04-06 16:30:00'),
(84, 26, 8, 'This looks so rich and aromatic!', '2025-04-06 16:45:00'),
(85, 26, 9, 'I love spicy food, and this looks amazing!', '2025-04-06 17:00:00');

-- Insert likes for competition entries
INSERT INTO `likes` (`id`, `user_id`, `entry_id`, `created_at`) VALUES
(18, 1, 8, '2025-03-06 12:00:00'),
(19, 2, 9, '2025-04-13 12:00:00'),
(20, 3, 10, '2025-12-06 12:00:00'),
(21, 4, 11, '2025-01-06 12:00:00'),
(22, 5, 12, '2025-02-06 12:00:00'),
(23, 6, 13, '2025-03-06 12:00:00'),
(24, 7, 14, '2025-04-06 12:00:00'),
(25, 8, 15, '2025-05-06 12:00:00'),
(26, 9, 16, '2025-06-06 12:00:00'),
(27, 10, 17, '2025-07-06 12:00:00'),
(28, 1, 18, '2025-08-06 12:00:00'),
(29, 2, 19, '2025-09-06 12:00:00'),
(30, 3, 20, '2025-10-06 12:00:00'),
(31, 4, 21, '2025-11-06 12:00:00'),
(32, 5, 22, '2025-12-06 12:00:00'),
(33, 6, 23, '2025-01-06 12:00:00'),
(34, 7, 24, '2025-02-06 12:00:00'),
(35, 8, 25, '2025-03-06 12:00:00'),
(36, 9, 26, '2025-04-06 12:00:00'),
(37, 3, 8, '2025-03-06 14:00:00'),
(38, 4, 9, '2025-04-13 14:00:00'),
(39, 5, 10, '2025-12-06 14:00:00'),
(40, 6, 11, '2025-01-06 14:00:00'),
(41, 7, 12, '2025-02-06 14:00:00'),
(42, 8, 13, '2025-03-06 14:00:00'),
(43, 9, 14, '2025-04-06 14:00:00'),
(44, 10, 15, '2025-05-06 14:00:00'),
(45, 1, 16, '2025-06-06 14:00:00'),
(46, 2, 17, '2025-07-06 14:00:00'),
(47, 3, 18, '2025-08-06 14:00:00'),
(48, 4, 19, '2025-09-06 14:00:00'),
(49, 5, 20, '2025-10-06 14:00:00'),
(50, 6, 21, '2025-11-06 14:00:00'),
(51, 7, 22, '2025-12-06 14:00:00'),
(52, 8, 23, '2025-01-06 14:00:00'),
(53, 9, 24, '2025-02-06 14:00:00'),
(54, 10, 25, '2025-03-06 14:00:00'),
(55, 1, 26, '2025-04-06 14:00:00'),
(56, 2, 27, '2025-10-03 12:00:00'),
(57, 3, 28, '2025-10-03 12:00:00'),
(58, 4, 29, '2025-10-03 12:00:00'),
(59, 5, 30, '2025-10-03 12:00:00'),
(60, 6, 31, '2025-10-03 12:00:00'),
(61, 7, 32, '2025-10-03 12:00:00'),
(62, 8, 33, '2025-10-03 12:00:00'),
(63, 9, 34, '2025-10-03 12:00:00'),
(64, 10, 8, '2025-03-06 16:00:00'),
(65, 9, 9, '2025-04-13 16:00:00'),
(66, 8, 10, '2025-12-06 16:00:00'),
(67, 7, 11, '2025-01-06 16:00:00'),
(68, 6, 12, '2025-02-06 16:00:00'),
(69, 5, 13, '2025-03-06 16:00:00'),
(70, 4, 14, '2025-04-06 16:00:00'),
(71, 3, 15, '2025-05-06 16:00:00'),
(72, 2, 16, '2025-06-06 16:00:00'),
(73, 1, 17, '2025-07-06 16:00:00'),
(74, 10, 18, '2025-08-06 16:00:00'),
(75, 9, 19, '2025-09-06 16:00:00'),
(76, 8, 20, '2025-10-06 16:00:00'),
(77, 7, 21, '2025-11-06 16:00:00'),
(78, 6, 22, '2025-12-06 16:00:00'),
(79, 5, 23, '2025-01-06 16:00:00'),
(80, 4, 24, '2025-02-06 16:00:00'),
(81, 3, 25, '2025-03-06 16:00:00'),
(82, 2, 26, '2025-04-06 16:00:00'),
(83, 1, 27, '2025-10-03 16:00:00'),
(84, 10, 28, '2025-10-03 16:00:00'),
(85, 9, 29, '2025-10-03 16:00:00'),
(86, 8, 30, '2025-10-03 16:00:00'),
(87, 7, 31, '2025-10-03 16:00:00'),
(88, 6, 32, '2025-10-03 16:00:00'),
(89, 5, 33, '2025-10-03 16:00:00'),
(90, 4, 34, '2025-10-03 16:00:00');